BEGIN TRANSACTION;
CREATE TABLE word_sound_description (
	_id INTEGER PRIMARY KEY ASC AUTOINCREMENT,
	word_id INTEGER NOT NULL,
	sound_id INTEGER NOT NULL,
	
	FOREIGN KEY(word_id) REFERENCES word(_id),
    FOREIGN KEY(sound_id) REFERENCES sound(_id),
	
    UNIQUE (sound_id, word_id) ON CONFLICT FAIL
);
INSERT INTO `word_sound_description` VALUES (1,28,1);
INSERT INTO `word_sound_description` VALUES (2,29,1);
INSERT INTO `word_sound_description` VALUES (3,30,1);
INSERT INTO `word_sound_description` VALUES (4,31,1);
INSERT INTO `word_sound_description` VALUES (5,32,1);
INSERT INTO `word_sound_description` VALUES (6,33,1);
CREATE TABLE word_literal_description (
    _id INTEGER PRIMARY KEY ASC AUTOINCREMENT,
	word_id INTEGER NOT NULL,
	description TEXT NOT NULL,
	
	FOREIGN KEY(word_id) REFERENCES word(_id),
	
	UNIQUE (word_id, description) ON CONFLICT FAIL
);
INSERT INTO `word_literal_description` VALUES (1,14,'Антилопа - от греч. рогатое животное, название некоторых подсемейств и родов полорогих');
CREATE TABLE word_image_description (
    _id INTEGER PRIMARY KEY ASC AUTOINCREMENT,
	word_id INTEGER NOT NULL,
	image_id INTEGER NOT NULL,
	
	FOREIGN KEY(word_id) REFERENCES word(_id),
    FOREIGN KEY(image_id) REFERENCES image(_id),
	
    UNIQUE (image_id, word_id) ON CONFLICT FAIL
);
INSERT INTO `word_image_description` VALUES (8,652,4);
INSERT INTO `word_image_description` VALUES (9,653,2);
INSERT INTO `word_image_description` VALUES (10,654,3);
INSERT INTO `word_image_description` VALUES (11,655,9);
INSERT INTO `word_image_description` VALUES (12,656,7);
INSERT INTO `word_image_description` VALUES (13,657,8);
INSERT INTO `word_image_description` VALUES (14,658,14);
INSERT INTO `word_image_description` VALUES (15,659,12);
INSERT INTO `word_image_description` VALUES (16,660,13);
INSERT INTO `word_image_description` VALUES (17,661,17);
INSERT INTO `word_image_description` VALUES (18,662,18);
INSERT INTO `word_image_description` VALUES (19,663,19);
INSERT INTO `word_image_description` VALUES (20,664,22);
INSERT INTO `word_image_description` VALUES (21,665,23);
INSERT INTO `word_image_description` VALUES (22,666,24);
INSERT INTO `word_image_description` VALUES (23,667,28);
INSERT INTO `word_image_description` VALUES (24,668,29);
INSERT INTO `word_image_description` VALUES (25,669,27);
INSERT INTO `word_image_description` VALUES (26,670,33);
INSERT INTO `word_image_description` VALUES (27,671,34);
INSERT INTO `word_image_description` VALUES (28,672,32);
INSERT INTO `word_image_description` VALUES (29,673,38);
INSERT INTO `word_image_description` VALUES (30,674,39);
INSERT INTO `word_image_description` VALUES (31,675,37);
INSERT INTO `word_image_description` VALUES (32,676,44);
INSERT INTO `word_image_description` VALUES (33,677,42);
INSERT INTO `word_image_description` VALUES (34,678,43);
INSERT INTO `word_image_description` VALUES (35,679,49);
INSERT INTO `word_image_description` VALUES (36,680,47);
INSERT INTO `word_image_description` VALUES (37,681,48);
INSERT INTO `word_image_description` VALUES (38,682,54);
INSERT INTO `word_image_description` VALUES (39,683,52);
INSERT INTO `word_image_description` VALUES (40,684,53);
INSERT INTO `word_image_description` VALUES (41,685,58);
INSERT INTO `word_image_description` VALUES (42,686,57);
INSERT INTO `word_image_description` VALUES (43,687,59);
INSERT INTO `word_image_description` VALUES (44,688,64);
INSERT INTO `word_image_description` VALUES (45,689,63);
INSERT INTO `word_image_description` VALUES (46,690,62);
INSERT INTO `word_image_description` VALUES (47,691,67);
INSERT INTO `word_image_description` VALUES (48,692,69);
INSERT INTO `word_image_description` VALUES (49,693,68);
INSERT INTO `word_image_description` VALUES (50,694,72);
INSERT INTO `word_image_description` VALUES (51,695,73);
INSERT INTO `word_image_description` VALUES (52,696,74);
INSERT INTO `word_image_description` VALUES (53,697,79);
INSERT INTO `word_image_description` VALUES (54,698,77);
INSERT INTO `word_image_description` VALUES (55,699,78);
INSERT INTO `word_image_description` VALUES (56,700,84);
INSERT INTO `word_image_description` VALUES (57,701,82);
INSERT INTO `word_image_description` VALUES (58,702,83);
INSERT INTO `word_image_description` VALUES (59,703,88);
INSERT INTO `word_image_description` VALUES (60,704,87);
INSERT INTO `word_image_description` VALUES (61,705,89);
INSERT INTO `word_image_description` VALUES (62,706,94);
INSERT INTO `word_image_description` VALUES (63,707,92);
INSERT INTO `word_image_description` VALUES (64,708,93);
INSERT INTO `word_image_description` VALUES (65,709,99);
INSERT INTO `word_image_description` VALUES (66,710,98);
INSERT INTO `word_image_description` VALUES (67,711,97);
INSERT INTO `word_image_description` VALUES (68,712,102);
INSERT INTO `word_image_description` VALUES (69,713,103);
INSERT INTO `word_image_description` VALUES (70,714,104);
INSERT INTO `word_image_description` VALUES (71,715,108);
INSERT INTO `word_image_description` VALUES (72,716,107);
INSERT INTO `word_image_description` VALUES (73,717,109);
INSERT INTO `word_image_description` VALUES (74,718,112);
INSERT INTO `word_image_description` VALUES (75,719,113);
INSERT INTO `word_image_description` VALUES (76,720,114);
INSERT INTO `word_image_description` VALUES (77,721,117);
INSERT INTO `word_image_description` VALUES (78,722,119);
INSERT INTO `word_image_description` VALUES (79,723,118);
INSERT INTO `word_image_description` VALUES (80,724,124);
INSERT INTO `word_image_description` VALUES (81,725,123);
INSERT INTO `word_image_description` VALUES (82,726,122);
INSERT INTO `word_image_description` VALUES (83,727,128);
INSERT INTO `word_image_description` VALUES (84,728,127);
INSERT INTO `word_image_description` VALUES (85,729,129);
INSERT INTO `word_image_description` VALUES (86,730,134);
INSERT INTO `word_image_description` VALUES (87,731,133);
INSERT INTO `word_image_description` VALUES (88,732,132);
INSERT INTO `word_image_description` VALUES (89,733,137);
INSERT INTO `word_image_description` VALUES (90,734,141);
INSERT INTO `word_image_description` VALUES (91,735,140);
INSERT INTO `word_image_description` VALUES (92,736,144);
INSERT INTO `word_image_description` VALUES (93,737,145);
INSERT INTO `word_image_description` VALUES (94,738,150);
INSERT INTO `word_image_description` VALUES (95,739,148);
INSERT INTO `word_image_description` VALUES (96,740,149);
INSERT INTO `word_image_description` VALUES (97,741,155);
INSERT INTO `word_image_description` VALUES (98,742,154);
INSERT INTO `word_image_description` VALUES (99,743,153);
INSERT INTO `word_image_description` VALUES (100,744,158);
INSERT INTO `word_image_description` VALUES (101,745,160);
INSERT INTO `word_image_description` VALUES (102,746,159);
CREATE TABLE word_creation_exercise (
    _id INTEGER PRIMARY KEY ASC AUTOINCREMENT,
    word_id INTEGER NOT NULL,
	UNIQUE (word_id) ON CONFLICT FAIL
);
INSERT INTO `word_creation_exercise` VALUES (1,1);
CREATE TABLE word (
    _id INTEGER PRIMARY KEY ASC AUTOINCREMENT,
    alphabet_id INTEGER NOT NULL,
    word TEXT NOT NULL,
    complexity INTEGER NOT NULL,
	
    UNIQUE (alphabet_id, word) ON CONFLICT FAIL
);
INSERT INTO `word` VALUES (1,-345575051,'консервы',3);
INSERT INTO `word` VALUES (2,-345575051,'кон',1);
INSERT INTO `word` VALUES (3,-345575051,'нерв',1);
INSERT INTO `word` VALUES (4,-345575051,'сок',1);
INSERT INTO `word` VALUES (5,-345575051,'ров',1);
INSERT INTO `word` VALUES (6,-345575051,'вор',1);
INSERT INTO `word` VALUES (7,-345575051,'сор',1);
INSERT INTO `word` VALUES (8,-345575051,'вес',1);
INSERT INTO `word` VALUES (9,-345575051,'весы',2);
INSERT INTO `word` VALUES (10,-345575051,'сыр',1);
INSERT INTO `word` VALUES (11,-345575051,'нос',1);
INSERT INTO `word` VALUES (12,-345575051,'сон',1);
INSERT INTO `word` VALUES (13,-345575051,'рык',1);
INSERT INTO `word` VALUES (14,-345575051,'праздник',2);
INSERT INTO `word` VALUES (15,-345575051,'признак',2);
INSERT INTO `word` VALUES (16,-345575051,'задник',2);
INSERT INTO `word` VALUES (17,-345575051,'каприз',2);
INSERT INTO `word` VALUES (18,-345575051,'карниз',2);
INSERT INTO `word` VALUES (19,-345575051,'парник',2);
INSERT INTO `word` VALUES (20,-345575051,'приказ',2);
INSERT INTO `word` VALUES (21,-345575051,'кинза',2);
INSERT INTO `word` VALUES (22,-345575051,'кирза',2);
INSERT INTO `word` VALUES (23,-345575051,'парик',2);
INSERT INTO `word` VALUES (24,-345575051,'драп',1);
INSERT INTO `word` VALUES (25,-345575051,'знак',1);
INSERT INTO `word` VALUES (26,-345575051,'икра',2);
INSERT INTO `word` VALUES (27,-345575051,'карп',1);
INSERT INTO `word` VALUES (28,-345575051,'пика',2);
INSERT INTO `word` VALUES (29,-345575051,'пиар',2);
INSERT INTO `word` VALUES (30,-345575051,'парк',1);
INSERT INTO `word` VALUES (31,-345575051,'пари',2);
INSERT INTO `word` VALUES (32,-345575051,'зад',1);
INSERT INTO `word` VALUES (33,-345575051,'паз',1);
INSERT INTO `word` VALUES (34,-345575051,'пик',1);
INSERT INTO `word` VALUES (35,-345575051,'раз',1);
INSERT INTO `word` VALUES (36,-345575051,'ад',1);
INSERT INTO `word` VALUES (37,-345575051,'аз',1);
INSERT INTO `word` VALUES (38,-345575051,'периметр',3);
INSERT INTO `word` VALUES (39,-345575051,'перетир',3);
INSERT INTO `word` VALUES (40,-345575051,'репетир',2);
INSERT INTO `word` VALUES (41,-345575051,'триер',2);
INSERT INTO `word` VALUES (42,-345575051,'терем',2);
INSERT INTO `word` VALUES (43,-345575051,'темир',2);
INSERT INTO `word` VALUES (44,-345575051,'репер',2);
INSERT INTO `word` VALUES (45,-345575051,'метр',1);
INSERT INTO `word` VALUES (46,-345575051,'ритм',1);
INSERT INTO `word` VALUES (47,-345575051,'темп',1);
INSERT INTO `word` VALUES (48,-345575051,'тире',2);
INSERT INTO `word` VALUES (49,-345575051,'трип',1);
INSERT INTO `word` VALUES (50,-345575051,'мир',1);
INSERT INTO `word` VALUES (51,-345575051,'пир',1);
INSERT INTO `word` VALUES (52,-345575051,'тир',1);
INSERT INTO `word` VALUES (53,-345575051,'абстракция',4);
INSERT INTO `word` VALUES (54,-345575051,'кастрация',4);
INSERT INTO `word` VALUES (55,-345575051,'таксация',2);
INSERT INTO `word` VALUES (56,-345575051,'актриса',3);
INSERT INTO `word` VALUES (57,-345575051,'арабист',3);
INSERT INTO `word` VALUES (58,-345575051,'старица',3);
INSERT INTO `word` VALUES (59,-345575051,'баркас',2);
INSERT INTO `word` VALUES (60,-345575051,'батрак',2);
INSERT INTO `word` VALUES (61,-345575051,'карбас',2);
INSERT INTO `word` VALUES (62,-345575051,'ракита',3);
INSERT INTO `word` VALUES (63,-345575051,'сатира',3);
INSERT INTO `word` VALUES (64,-345575051,'старик',2);
INSERT INTO `word` VALUES (65,-345575051,'старка',2);
INSERT INTO `word` VALUES (66,-345575051,'стирка',2);
INSERT INTO `word` VALUES (67,-345575051,'тряска',2);
INSERT INTO `word` VALUES (68,-345575051,'акция',3);
INSERT INTO `word` VALUES (69,-345575051,'астра',2);
INSERT INTO `word` VALUES (70,-345575051,'баска',2);
INSERT INTO `word` VALUES (71,-345575051,'барак',2);
INSERT INTO `word` VALUES (72,-345575051,'бирка',2);
INSERT INTO `word` VALUES (73,-345575051,'искра',2);
INSERT INTO `word` VALUES (74,-345575051,'карат',2);
INSERT INTO `word` VALUES (75,-345575051,'кариб',2);
INSERT INTO `word` VALUES (76,-345575051,'карта',2);
INSERT INTO `word` VALUES (77,-345575051,'киста',2);
INSERT INTO `word` VALUES (78,-345575051,'каста',2);
INSERT INTO `word` VALUES (79,-345575051,'краса',2);
INSERT INTO `word` VALUES (80,-345575051,'рация',3);
INSERT INTO `word` VALUES (81,-345575051,'ряска',2);
INSERT INTO `word` VALUES (82,-345575051,'табак',2);
INSERT INTO `word` VALUES (83,-345575051,'скраб',1);
INSERT INTO `word` VALUES (84,-345575051,'такса',2);
INSERT INTO `word` VALUES (85,-345575051,'такси',2);
INSERT INTO `word` VALUES (86,-345575051,'аист',2);
INSERT INTO `word` VALUES (87,-345575051,'араб',2);
INSERT INTO `word` VALUES (88,-345575051,'ария',3);
INSERT INTO `word` VALUES (89,-345575051,'арка',2);
INSERT INTO `word` VALUES (90,-345575051,'барс',1);
INSERT INTO `word` VALUES (91,-345575051,'брат',1);
INSERT INTO `word` VALUES (92,-345575051,'брас',1);
INSERT INTO `word` VALUES (93,-345575051,'бита',2);
INSERT INTO `word` VALUES (94,-345575051,'брак',1);
INSERT INTO `word` VALUES (95,-345575051,'кара',2);
INSERT INTO `word` VALUES (96,-345575051,'краб',1);
INSERT INTO `word` VALUES (97,-345575051,'раса',2);
INSERT INTO `word` VALUES (98,-345575051,'риск',1);
INSERT INTO `word` VALUES (99,-345575051,'ряса',2);
INSERT INTO `word` VALUES (100,-345575051,'скат',1);
INSERT INTO `word` VALUES (101,-345575051,'скит',1);
INSERT INTO `word` VALUES (102,-345575051,'тара',2);
INSERT INTO `word` VALUES (103,-345575051,'стая',2);
INSERT INTO `word` VALUES (104,-345575051,'цирк',1);
INSERT INTO `word` VALUES (105,-345575051,'акт',1);
INSERT INTO `word` VALUES (106,-345575051,'бак',1);
INSERT INTO `word` VALUES (107,-345575051,'бит',1);
INSERT INTO `word` VALUES (108,-345575051,'бра',1);
INSERT INTO `word` VALUES (109,-345575051,'кит',1);
INSERT INTO `word` VALUES (110,-345575051,'кия',2);
INSERT INTO `word` VALUES (111,-345575051,'раб',1);
INSERT INTO `word` VALUES (112,-345575051,'тик',1);
INSERT INTO `word` VALUES (114,-345575051,'ас',1);
INSERT INTO `word` VALUES (115,-345575051,'як',1);
INSERT INTO `word` VALUES (116,-345575051,'авиамодель',5);
INSERT INTO `word` VALUES (117,-345575051,'авиадело',5);
INSERT INTO `word` VALUES (118,-345575051,'ведьма',2);
INSERT INTO `word` VALUES (119,-345575051,'модель',2);
INSERT INTO `word` VALUES (120,-345575051,'медаль',2);
INSERT INTO `word` VALUES (121,-345575051,'видео',3);
INSERT INTO `word` VALUES (122,-345575051,'идеал',3);
INSERT INTO `word` VALUES (123,-345575051,'молва',2);
INSERT INTO `word` VALUES (124,-345575051,'олива',3);
INSERT INTO `word` VALUES (125,-345575051,'вода',2);
INSERT INTO `word` VALUES (126,-345575051,'даль',1);
INSERT INTO `word` VALUES (127,-345575051,'дама',2);
INSERT INTO `word` VALUES (128,-345575051,'дева',2);
INSERT INTO `word` VALUES (129,-345575051,'дело',2);
INSERT INTO `word` VALUES (130,-345575051,'диво',2);
INSERT INTO `word` VALUES (131,-345575051,'леди',2);
INSERT INTO `word` VALUES (132,-345575051,'медь',1);
INSERT INTO `word` VALUES (133,-345575051,'мель',1);
INSERT INTO `word` VALUES (134,-345575051,'овал',2);
INSERT INTO `word` VALUES (135,-345575051,'моль',1);
INSERT INTO `word` VALUES (136,-345575051,'мода',2);
INSERT INTO `word` VALUES (137,-345575051,'вал',1);
INSERT INTO `word` VALUES (138,-345575051,'вид',1);
INSERT INTO `word` VALUES (139,-345575051,'дол',1);
INSERT INTO `word` VALUES (141,-345575051,'лье',1);
INSERT INTO `word` VALUES (143,-345575051,'австралиц',4);
INSERT INTO `word` VALUES (144,-345575051,'австриец',3);
INSERT INTO `word` VALUES (145,-345575051,'светлица',3);
INSERT INTO `word` VALUES (146,-345575051,'сталевар',3);
INSERT INTO `word` VALUES (147,-345575051,'царствие',3);
INSERT INTO `word` VALUES (148,-345575051,'атласец',3);
INSERT INTO `word` VALUES (149,-345575051,'левират',3);
INSERT INTO `word` VALUES (150,-345575051,'латвиец',3);
INSERT INTO `word` VALUES (151,-345575051,'литавра',3);
INSERT INTO `word` VALUES (152,-345575051,'расцвет',2);
INSERT INTO `word` VALUES (153,-345575051,'реалист',3);
INSERT INTO `word` VALUES (154,-345575051,'селитра',3);
INSERT INTO `word` VALUES (156,-345575051,'алтаец',3);
INSERT INTO `word` VALUES (157,-345575051,'верста',2);
INSERT INTO `word` VALUES (158,-345575051,'литера',3);
INSERT INTO `word` VALUES (159,-345575051,'листва',2);
INSERT INTO `word` VALUES (161,-345575051,'свитер',2);
INSERT INTO `word` VALUES (162,-345575051,'сериал',3);
INSERT INTO `word` VALUES (163,-345575051,'стрела',2);
INSERT INTO `word` VALUES (164,-345575051,'ставец',2);
INSERT INTO `word` VALUES (165,-345575051,'аврал',2);
INSERT INTO `word` VALUES (166,-345575051,'арест',2);
INSERT INTO `word` VALUES (168,-345575051,'атлас',2);
INSERT INTO `word` VALUES (169,-345575051,'валет',2);
INSERT INTO `word` VALUES (170,-345575051,'врата',2);
INSERT INTO `word` VALUES (171,-345575051,'лавра',2);
INSERT INTO `word` VALUES (172,-345575051,'истец',2);
INSERT INTO `word` VALUES (173,-345575051,'ларец',2);
INSERT INTO `word` VALUES (174,-345575051,'ливер',2);
INSERT INTO `word` VALUES (175,-345575051,'салат',2);
INSERT INTO `word` VALUES (176,-345575051,'свита',2);
INSERT INTO `word` VALUES (177,-345575051,'ситец',2);
INSERT INTO `word` VALUES (178,-345575051,'слава',2);
INSERT INTO `word` VALUES (179,-345575051,'трава',2);
INSERT INTO `word` VALUES (180,-345575051,'циста',2);
INSERT INTO `word` VALUES (182,-345575051,'атас',2);
INSERT INTO `word` VALUES (183,-345575051,'вата',2);
INSERT INTO `word` VALUES (184,-345575051,'вера',2);
INSERT INTO `word` VALUES (185,-345575051,'лава',2);
INSERT INTO `word` VALUES (186,-345575051,'лавр',1);
INSERT INTO `word` VALUES (187,-345575051,'ласт',1);
INSERT INTO `word` VALUES (188,-345575051,'лист',1);
INSERT INTO `word` VALUES (189,-345575051,'литр',1);
INSERT INTO `word` VALUES (191,-345575051,'сват',1);
INSERT INTO `word` VALUES (192,-345575051,'сила',2);
INSERT INTO `word` VALUES (193,-345575051,'сера',2);
INSERT INTO `word` VALUES (194,-345575051,'слет',1);
INSERT INTO `word` VALUES (195,-345575051,'автогонщик',4);
INSERT INTO `word` VALUES (196,-345575051,'вагонщик',3);
INSERT INTO `word` VALUES (197,-345575051,'отгонщик',3);
INSERT INTO `word` VALUES (198,-345575051,'готовка',3);
INSERT INTO `word` VALUES (199,-345575051,'овощник',3);
INSERT INTO `word` VALUES (200,-345575051,'ватник',2);
INSERT INTO `word` VALUES (201,-345575051,'готика',3);
INSERT INTO `word` VALUES (202,-345575051,'гонщик',2);
INSERT INTO `word` VALUES (203,-345575051,'катион',3);
INSERT INTO `word` VALUES (204,-345575051,'огниво',3);
INSERT INTO `word` VALUES (205,-345575051,'актив',2);
INSERT INTO `word` VALUES (206,-345575051,'вагон',2);
INSERT INTO `word` VALUES (207,-345575051,'ватин',2);
INSERT INTO `word` VALUES (208,-345575051,'виток',2);
INSERT INTO `word` VALUES (209,-345575051,'гонка',2);
INSERT INTO `word` VALUES (210,-345575051,'икона',3);
INSERT INTO `word` VALUES (211,-345575051,'икота',3);
INSERT INTO `word` VALUES (212,-345575051,'квант',1);
INSERT INTO `word` VALUES (213,-345575051,'квота',2);
INSERT INTO `word` VALUES (214,-345575051,'книга',2);
INSERT INTO `word` VALUES (215,-345575051,'нитка',2);
INSERT INTO `word` VALUES (216,-345575051,'танго',2);
INSERT INTO `word` VALUES (217,-345575051,'щиток',2);
INSERT INTO `word` VALUES (218,-345575051,'тоник',2);
INSERT INTO `word` VALUES (219,-345575051,'винт',1);
INSERT INTO `word` VALUES (220,-345575051,'вино',2);
INSERT INTO `word` VALUES (221,-345575051,'воин',2);
INSERT INTO `word` VALUES (222,-345575051,'итог',1);
INSERT INTO `word` VALUES (223,-345575051,'кино',2);
INSERT INTO `word` VALUES (224,-345575051,'нога',2);
INSERT INTO `word` VALUES (225,-345575051,'овощ',2);
INSERT INTO `word` VALUES (226,-345575051,'окно',2);
INSERT INTO `word` VALUES (227,-345575051,'танк',1);
INSERT INTO `word` VALUES (228,-345575051,'тина',2);
INSERT INTO `word` VALUES (229,-345575051,'ива',2);
INSERT INTO `word` VALUES (232,-345575051,'око',2);
INSERT INTO `word` VALUES (234,-345575051,'тан',1);
INSERT INTO `word` VALUES (235,-345575051,'тон',1);
INSERT INTO `word` VALUES (236,-345575051,'ток',1);
INSERT INTO `word` VALUES (237,-345575051,'щит',1);
INSERT INTO `word` VALUES (238,-345575051,'акварель',3);
INSERT INTO `word` VALUES (239,-345575051,'кавальер',3);
INSERT INTO `word` VALUES (240,-345575051,'кавалер',3);
INSERT INTO `word` VALUES (241,-345575051,'лекарь',2);
INSERT INTO `word` VALUES (244,-345575051,'варка',2);
INSERT INTO `word` VALUES (247,-345575051,'елка',2);
INSERT INTO `word` VALUES (250,-345575051,'река',2);
INSERT INTO `word` VALUES (251,-345575051,'акр',1);
INSERT INTO `word` VALUES (252,-345575051,'ель',1);
INSERT INTO `word` VALUES (253,-345575051,'лев',1);
INSERT INTO `word` VALUES (254,-345575051,'лак',1);
INSERT INTO `word` VALUES (255,-345575051,'антарктика',4);
INSERT INTO `word` VALUES (256,-345575051,'картинка',3);
INSERT INTO `word` VALUES (257,-345575051,'катаракт',3);
INSERT INTO `word` VALUES (258,-345575051,'антракт',2);
INSERT INTO `word` VALUES (259,-345575051,'кантата',3);
INSERT INTO `word` VALUES (260,-345575051,'картина',3);
INSERT INTO `word` VALUES (261,-345575051,'накатка',3);
INSERT INTO `word` VALUES (262,-345575051,'натирка',3);
INSERT INTO `word` VALUES (263,-345575051,'тактика',3);
INSERT INTO `word` VALUES (264,-345575051,'татарка',3);
INSERT INTO `word` VALUES (265,-345575051,'татарин',3);
INSERT INTO `word` VALUES (266,-345575051,'таракан',3);
INSERT INTO `word` VALUES (267,-345575051,'иранка',3);
INSERT INTO `word` VALUES (268,-345575051,'кантик',2);
INSERT INTO `word` VALUES (269,-345575051,'катран',2);
INSERT INTO `word` VALUES (270,-345575051,'нитрат',2);
INSERT INTO `word` VALUES (271,-345575051,'ратник',2);
INSERT INTO `word` VALUES (272,-345575051,'тактик',2);
INSERT INTO `word` VALUES (273,-345575051,'акант',2);
INSERT INTO `word` VALUES (274,-345575051,'акита',3);
INSERT INTO `word` VALUES (275,-345575051,'антик',2);
INSERT INTO `word` VALUES (276,-345575051,'таблетка',3);
INSERT INTO `word` VALUES (277,-345575051,'атлетка',3);
INSERT INTO `word` VALUES (278,-345575051,'балетка',3);
INSERT INTO `word` VALUES (279,-345575051,'атлет',2);
INSERT INTO `word` VALUES (280,-345575051,'бакал',2);
INSERT INTO `word` VALUES (281,-345575051,'балет',2);
INSERT INTO `word` VALUES (282,-345575051,'балка',2);
INSERT INTO `word` VALUES (283,-345575051,'катет',2);
INSERT INTO `word` VALUES (284,-345575051,'белка',2);
INSERT INTO `word` VALUES (286,-345575051,'блат',1);
INSERT INTO `word` VALUES (289,-345575051,'бал',1);
INSERT INTO `word` VALUES (290,-345575051,'кал',1);
INSERT INTO `word` VALUES (291,-345575051,'талисман',3);
INSERT INTO `word` VALUES (292,-345575051,'ламаист',3);
INSERT INTO `word` VALUES (293,-345575051,'маслина',3);
INSERT INTO `word` VALUES (294,-345575051,'ласина',3);
INSERT INTO `word` VALUES (295,-345575051,'малина',3);
INSERT INTO `word` VALUES (296,-345575051,'астма',2);
INSERT INTO `word` VALUES (298,-345575051,'лиман',2);
INSERT INTO `word` VALUES (299,-345575051,'лиана',3);
INSERT INTO `word` VALUES (300,-345575051,'ислам',2);
INSERT INTO `word` VALUES (301,-345575051,'сатин',2);
INSERT INTO `word` VALUES (304,-345575051,'тмин',1);
INSERT INTO `word` VALUES (306,-345575051,'мат',1);
INSERT INTO `word` VALUES (307,-345575051,'тактичность',3);
INSERT INTO `word` VALUES (308,-345575051,'отчистка',3);
INSERT INTO `word` VALUES (309,-345575051,'ниточка',3);
INSERT INTO `word` VALUES (310,-345575051,'останки',3);
INSERT INTO `word` VALUES (311,-345575051,'остатки',3);
INSERT INTO `word` VALUES (312,-345575051,'скотина',3);
INSERT INTO `word` VALUES (313,-345575051,'очистка',3);
INSERT INTO `word` VALUES (314,-345575051,'танкист',2);
INSERT INTO `word` VALUES (315,-345575051,'частник',2);
INSERT INTO `word` VALUES (316,-345575051,'чистота',3);
INSERT INTO `word` VALUES (318,-345575051,'натиск',2);
INSERT INTO `word` VALUES (319,-345575051,'синька',2);
INSERT INTO `word` VALUES (320,-345575051,'станок',2);
INSERT INTO `word` VALUES (321,-345575051,'сотник',2);
INSERT INTO `word` VALUES (322,-345575051,'считка',2);
INSERT INTO `word` VALUES (323,-345575051,'токсин',2);
INSERT INTO `word` VALUES (324,-345575051,'чистка',2);
INSERT INTO `word` VALUES (327,-345575051,'исток',2);
INSERT INTO `word` VALUES (329,-345575051,'кисть',1);
INSERT INTO `word` VALUES (330,-345575051,'кость',1);
INSERT INTO `word` VALUES (331,-345575051,'качан',2);
INSERT INTO `word` VALUES (332,-345575051,'носка',2);
INSERT INTO `word` VALUES (333,-345575051,'осина',3);
INSERT INTO `word` VALUES (334,-345575051,'сачок',2);
INSERT INTO `word` VALUES (335,-345575051,'откат',2);
INSERT INTO `word` VALUES (336,-345575051,'санки',2);
INSERT INTO `word` VALUES (337,-345575051,'сотка',2);
INSERT INTO `word` VALUES (338,-345575051,'титан',2);
INSERT INTO `word` VALUES (339,-345575051,'часть',1);
INSERT INTO `word` VALUES (340,-345575051,'читка',2);
INSERT INTO `word` VALUES (341,-345575051,'точка',2);
INSERT INTO `word` VALUES (342,-345575051,'тоска',2);
INSERT INTO `word` VALUES (343,-345575051,'коса',2);
INSERT INTO `word` VALUES (344,-345575051,'скот',1);
INSERT INTO `word` VALUES (345,-345575051,'стан',1);
INSERT INTO `word` VALUES (347,-345575051,'сток',1);
INSERT INTO `word` VALUES (348,-345575051,'стон',1);
INSERT INTO `word` VALUES (349,-345575051,'правильность',3);
INSERT INTO `word` VALUES (350,-345575051,'прославить',3);
INSERT INTO `word` VALUES (351,-345575051,'плавность',2);
INSERT INTO `word` VALUES (352,-345575051,'впалость',2);
INSERT INTO `word` VALUES (353,-345575051,'павильон',3);
INSERT INTO `word` VALUES (354,-345575051,'пристань',2);
INSERT INTO `word` VALUES (355,-345575051,'стволина',3);
INSERT INTO `word` VALUES (356,-345575051,'лопасть',2);
INSERT INTO `word` VALUES (357,-345575051,'отрасль',2);
INSERT INTO `word` VALUES (358,-345575051,'плотина',3);
INSERT INTO `word` VALUES (359,-345575051,'правило',3);
INSERT INTO `word` VALUES (360,-345575051,'пристав',2);
INSERT INTO `word` VALUES (361,-345575051,'словарь',2);
INSERT INTO `word` VALUES (362,-345575051,'ваниль',2);
INSERT INTO `word` VALUES (363,-345575051,'павлин',2);
INSERT INTO `word` VALUES (364,-345575051,'пароль',2);
INSERT INTO `word` VALUES (365,-345575051,'патрон',2);
INSERT INTO `word` VALUES (366,-345575051,'пальто',2);
INSERT INTO `word` VALUES (367,-345575051,'сальто',2);
INSERT INTO `word` VALUES (368,-345575051,'автор',2);
INSERT INTO `word` VALUES (369,-345575051,'вальс',1);
INSERT INTO `word` VALUES (371,-345575051,'вольт',1);
INSERT INTO `word` VALUES (372,-345575051,'вопль',1);
INSERT INTO `word` VALUES (373,-345575051,'напор',2);
INSERT INTO `word` VALUES (374,-345575051,'пират',2);
INSERT INTO `word` VALUES (375,-345575051,'пилот',2);
INSERT INTO `word` VALUES (376,-345575051,'пинта',2);
INSERT INTO `word` VALUES (377,-345575051,'сироп',2);
INSERT INTO `word` VALUES (378,-345575051,'спина',2);
INSERT INTO `word` VALUES (379,-345575051,'талон',2);
INSERT INTO `word` VALUES (380,-345575051,'стопа',2);
INSERT INTO `word` VALUES (381,-345575051,'вонь',1);
INSERT INTO `word` VALUES (383,-345575051,'пила',2);
INSERT INTO `word` VALUES (384,-345575051,'соль',1);
INSERT INTO `word` VALUES (385,-345575051,'сопа',2);
INSERT INTO `word` VALUES (386,-345575051,'торс',1);
INSERT INTO `word` VALUES (387,-345575051,'лис',1);
INSERT INTO `word` VALUES (389,-345575051,'пол',1);
INSERT INTO `word` VALUES (390,-345575051,'рот',1);
INSERT INTO `word` VALUES (392,-345575051,'запеканка',4);
INSERT INTO `word` VALUES (393,-345575051,'казанка',3);
INSERT INTO `word` VALUES (394,-345575051,'пазанка',3);
INSERT INTO `word` VALUES (395,-345575051,'капкан',2);
INSERT INTO `word` VALUES (396,-345575051,'казак',2);
INSERT INTO `word` VALUES (397,-345575051,'казан',2);
INSERT INTO `word` VALUES (398,-345575051,'казна',2);
INSERT INTO `word` VALUES (399,-345575051,'наказ',2);
INSERT INTO `word` VALUES (400,-345575051,'кепка',2);
INSERT INTO `word` VALUES (401,-345575051,'пенка',2);
INSERT INTO `word` VALUES (402,-345575051,'пена',2);
INSERT INTO `word` VALUES (403,-345575051,'космонавт',3);
INSERT INTO `word` VALUES (404,-345575051,'восток',2);
INSERT INTO `word` VALUES (405,-345575051,'котома',3);
INSERT INTO `word` VALUES (406,-345575051,'мосток',2);
INSERT INTO `word` VALUES (408,-345575051,'смотка',2);
INSERT INTO `word` VALUES (411,-345575051,'моток',2);
INSERT INTO `word` VALUES (412,-345575051,'носок',2);
INSERT INTO `word` VALUES (414,-345575051,'кант',1);
INSERT INTO `word` VALUES (415,-345575051,'воск',1);
INSERT INTO `word` VALUES (416,-345575051,'атом',2);
INSERT INTO `word` VALUES (420,-345575051,'смак',1);
INSERT INTO `word` VALUES (421,-345575051,'мак',1);
INSERT INTO `word` VALUES (422,-345575051,'ком',1);
INSERT INTO `word` VALUES (423,-345575051,'прабабушка',4);
INSERT INTO `word` VALUES (424,-345575051,'бабушка',3);
INSERT INTO `word` VALUES (425,-345575051,'рубашка',3);
INSERT INTO `word` VALUES (426,-345575051,'арабка',3);
INSERT INTO `word` VALUES (427,-345575051,'абаша',3);
INSERT INTO `word` VALUES (428,-345575051,'бабка',2);
INSERT INTO `word` VALUES (429,-345575051,'барка',2);
INSERT INTO `word` VALUES (431,-345575051,'бурак',2);
INSERT INTO `word` VALUES (432,-345575051,'шапка',2);
INSERT INTO `word` VALUES (433,-345575051,'шкура',2);
INSERT INTO `word` VALUES (435,-345575051,'баба',2);
INSERT INTO `word` VALUES (438,-345575051,'паук',2);
INSERT INTO `word` VALUES (439,-345575051,'пара',2);
INSERT INTO `word` VALUES (440,-345575051,'шуба',2);
INSERT INTO `word` VALUES (441,-345575051,'шар',1);
INSERT INTO `word` VALUES (442,-345575051,'пар',1);
INSERT INTO `word` VALUES (443,-345575051,'бук',1);
INSERT INTO `word` VALUES (444,-345575051,'бур',1);
INSERT INTO `word` VALUES (445,-345575051,'куш',1);
INSERT INTO `word` VALUES (446,-345575051,'рак',1);
INSERT INTO `word` VALUES (447,-345575051,'младенец',3);
INSERT INTO `word` VALUES (448,-345575051,'меледа',3);
INSERT INTO `word` VALUES (449,-345575051,'малец',2);
INSERT INTO `word` VALUES (450,-345575051,'немец',2);
INSERT INTO `word` VALUES (451,-345575051,'цена',2);
INSERT INTO `word` VALUES (452,-345575051,'еда',2);
INSERT INTO `word` VALUES (453,-345575051,'лад',1);
INSERT INTO `word` VALUES (454,-345575051,'лед',1);
INSERT INTO `word` VALUES (455,-345575051,'мегаполис',4);
INSERT INTO `word` VALUES (456,-345575051,'могила',3);
INSERT INTO `word` VALUES (457,-345575051,'галоп',2);
INSERT INTO `word` VALUES (458,-345575051,'масло',2);
INSERT INTO `word` VALUES (459,-345575051,'олимп',2);
INSERT INTO `word` VALUES (460,-345575051,'полис',2);
INSERT INTO `word` VALUES (461,-345575051,'сапог',2);
INSERT INTO `word` VALUES (462,-345575051,'смола',2);
INSERT INTO `word` VALUES (463,-345575051,'гипс',1);
INSERT INTO `word` VALUES (464,-345575051,'глас',1);
INSERT INTO `word` VALUES (465,-345575051,'лиса',2);
INSERT INTO `word` VALUES (466,-345575051,'лига',2);
INSERT INTO `word` VALUES (467,-345575051,'липа',2);
INSERT INTO `word` VALUES (468,-345575051,'мопс',1);
INSERT INTO `word` VALUES (469,-345575051,'осел',2);
INSERT INTO `word` VALUES (470,-345575051,'маг',1);
INSERT INTO `word` VALUES (471,-345575051,'лес',1);
INSERT INTO `word` VALUES (472,-345575051,'ил',1);
INSERT INTO `word` VALUES (473,-345575051,'медалистка',4);
INSERT INTO `word` VALUES (474,-345575051,'академист',4);
INSERT INTO `word` VALUES (475,-345575051,'медалист',3);
INSERT INTO `word` VALUES (476,-345575051,'дискета',3);
INSERT INTO `word` VALUES (477,-345575051,'мастика',3);
INSERT INTO `word` VALUES (478,-345575051,'сиделка',3);
INSERT INTO `word` VALUES (479,-345575051,'ластик',2);
INSERT INTO `word` VALUES (480,-345575051,'латекс',2);
INSERT INTO `word` VALUES (481,-345575051,'климат',2);
INSERT INTO `word` VALUES (482,-345575051,'мастак',2);
INSERT INTO `word` VALUES (483,-345575051,'сделка',2);
INSERT INTO `word` VALUES (485,-345575051,'макет',2);
INSERT INTO `word` VALUES (486,-345575051,'маска',2);
INSERT INTO `word` VALUES (487,-345575051,'смета',2);
INSERT INTO `word` VALUES (488,-345575051,'метла',2);
INSERT INTO `word` VALUES (491,-345575051,'аскет',2);
INSERT INTO `word` VALUES (492,-345575051,'матка',2);
INSERT INTO `word` VALUES (493,-345575051,'секта',2);
INSERT INTO `word` VALUES (494,-345575051,'кадет',2);
INSERT INTO `word` VALUES (496,-345575051,'медик',2);
INSERT INTO `word` VALUES (497,-345575051,'миска',2);
INSERT INTO `word` VALUES (498,-345575051,'склад',1);
INSERT INTO `word` VALUES (500,-345575051,'самка',2);
INSERT INTO `word` VALUES (501,-345575051,'сетка',2);
INSERT INTO `word` VALUES (503,-345575051,'метка',2);
INSERT INTO `word` VALUES (504,-345575051,'диета',3);
INSERT INTO `word` VALUES (505,-345575051,'календарь',3);
INSERT INTO `word` VALUES (506,-345575051,'кандела',3);
INSERT INTO `word` VALUES (508,-345575051,'кенарь',2);
INSERT INTO `word` VALUES (510,-345575051,'редька',2);
INSERT INTO `word` VALUES (511,-345575051,'наклад',2);
INSERT INTO `word` VALUES (512,-345575051,'аркан',2);
INSERT INTO `word` VALUES (513,-345575051,'арена',3);
INSERT INTO `word` VALUES (514,-345575051,'декан',2);
INSERT INTO `word` VALUES (515,-345575051,'дрель',1);
INSERT INTO `word` VALUES (516,-345575051,'кладь',1);
INSERT INTO `word` VALUES (517,-345575051,'ладан',2);
INSERT INTO `word` VALUES (518,-345575051,'накал',2);
INSERT INTO `word` VALUES (519,-345575051,'недра',2);
INSERT INTO `word` VALUES (520,-345575051,'кедр',1);
INSERT INTO `word` VALUES (521,-345575051,'клад',1);
INSERT INTO `word` VALUES (522,-345575051,'клан',1);
INSERT INTO `word` VALUES (523,-345575051,'клен',1);
INSERT INTO `word` VALUES (524,-345575051,'кран',1);
INSERT INTO `word` VALUES (525,-345575051,'лень',1);
INSERT INTO `word` VALUES (526,-345575051,'рань',1);
INSERT INTO `word` VALUES (528,-345575051,'ара',2);
INSERT INTO `word` VALUES (530,-345575051,'дар',1);
INSERT INTO `word` VALUES (532,-345575051,'песочница',4);
INSERT INTO `word` VALUES (533,-345575051,'испанец',3);
INSERT INTO `word` VALUES (535,-345575051,'писец',2);
INSERT INTO `word` VALUES (536,-345575051,'сцена',2);
INSERT INTO `word` VALUES (538,-345575051,'оспа',2);
INSERT INTO `word` VALUES (539,-345575051,'пони',2);
INSERT INTO `word` VALUES (540,-345575051,'сани',2);
INSERT INTO `word` VALUES (541,-345575051,'сено',2);
INSERT INTO `word` VALUES (544,-345575051,'час',1);
INSERT INTO `word` VALUES (545,-345575051,'ион',2);
INSERT INTO `word` VALUES (546,-345575051,'растение',4);
INSERT INTO `word` VALUES (547,-345575051,'старение',4);
INSERT INTO `word` VALUES (548,-345575051,'интерес',3);
INSERT INTO `word` VALUES (549,-345575051,'нерест',2);
INSERT INTO `word` VALUES (550,-345575051,'сирена',3);
INSERT INTO `word` VALUES (551,-345575051,'трение',3);
INSERT INTO `word` VALUES (553,-345575051,'рента',2);
INSERT INTO `word` VALUES (554,-345575051,'сенат',2);
INSERT INTO `word` VALUES (555,-345575051,'тиран',2);
INSERT INTO `word` VALUES (557,-345575051,'стена',2);
INSERT INTO `word` VALUES (558,-345575051,'транс',1);
INSERT INTO `word` VALUES (560,-345575051,'рис',1);
INSERT INTO `word` VALUES (561,-345575051,'разговор',3);
INSERT INTO `word` VALUES (562,-345575051,'заговор',3);
INSERT INTO `word` VALUES (563,-345575051,'говор',2);
INSERT INTO `word` VALUES (564,-345575051,'овраг',2);
INSERT INTO `word` VALUES (565,-345575051,'рогоз',2);
INSERT INTO `word` VALUES (566,-345575051,'розга',2);
INSERT INTO `word` VALUES (567,-345575051,'гора',2);
INSERT INTO `word` VALUES (568,-345575051,'взор',1);
INSERT INTO `word` VALUES (569,-345575051,'роза',2);
INSERT INTO `word` VALUES (570,-345575051,'газ',1);
INSERT INTO `word` VALUES (572,-345575051,'рог',1);
INSERT INTO `word` VALUES (573,-345575051,'разновес',3);
INSERT INTO `word` VALUES (574,-345575051,'развес',2);
INSERT INTO `word` VALUES (575,-345575051,'зарево',3);
INSERT INTO `word` VALUES (576,-345575051,'невроз',2);
INSERT INTO `word` VALUES (577,-345575051,'разнос',2);
INSERT INTO `word` VALUES (578,-345575051,'занос',2);
INSERT INTO `word` VALUES (579,-345575051,'взнос',1);
INSERT INTO `word` VALUES (580,-345575051,'весна',2);
INSERT INTO `word` VALUES (581,-345575051,'засов',2);
INSERT INTO `word` VALUES (582,-345575051,'засев',2);
INSERT INTO `word` VALUES (583,-345575051,'навоз',2);
INSERT INTO `word` VALUES (584,-345575051,'резон',2);
INSERT INTO `word` VALUES (585,-345575051,'сезон',2);
INSERT INTO `word` VALUES (586,-345575051,'вена',2);
INSERT INTO `word` VALUES (587,-345575051,'овес',2);
INSERT INTO `word` VALUES (588,-345575051,'овен',2);
INSERT INTO `word` VALUES (589,-345575051,'нрав',1);
INSERT INTO `word` VALUES (591,-345575051,'роса',2);
INSERT INTO `word` VALUES (592,-345575051,'сова',2);
INSERT INTO `word` VALUES (593,-345575051,'своз',1);
INSERT INTO `word` VALUES (594,-345575051,'срез',1);
INSERT INTO `word` VALUES (596,-345575051,'воз',1);
INSERT INTO `word` VALUES (597,-345575051,'наследник',3);
INSERT INTO `word` VALUES (598,-345575051,'индекс',2);
INSERT INTO `word` VALUES (599,-345575051,'лесник',2);
INSERT INTO `word` VALUES (600,-345575051,'ледник',2);
INSERT INTO `word` VALUES (601,-345575051,'десна',2);
INSERT INTO `word` VALUES (602,-345575051,'длина',2);
INSERT INTO `word` VALUES (603,-345575051,'леска',2);
INSERT INTO `word` VALUES (604,-345575051,'надел',2);
INSERT INTO `word` VALUES (607,-345575051,'навигатор',4);
INSERT INTO `word` VALUES (608,-345575051,'аргонавт',3);
INSERT INTO `word` VALUES (609,-345575051,'рогатина',4);
INSERT INTO `word` VALUES (610,-345575051,'авиатор',4);
INSERT INTO `word` VALUES (611,-345575051,'вариант',3);
INSERT INTO `word` VALUES (612,-345575051,'гарант',2);
INSERT INTO `word` VALUES (613,-345575051,'гранат',2);
INSERT INTO `word` VALUES (614,-345575051,'гранит',2);
INSERT INTO `word` VALUES (615,-345575051,'гривна',2);
INSERT INTO `word` VALUES (616,-345575051,'нагота',3);
INSERT INTO `word` VALUES (617,-345575051,'варан',2);
INSERT INTO `word` VALUES (618,-345575051,'грива',2);
INSERT INTO `word` VALUES (619,-345575051,'навар',2);
INSERT INTO `word` VALUES (620,-345575051,'орган',2);
INSERT INTO `word` VALUES (621,-345575051,'рвота',2);
INSERT INTO `word` VALUES (624,-345575051,'товар',2);
INSERT INTO `word` VALUES (629,-345575051,'трон',1);
INSERT INTO `word` VALUES (630,-345575051,'рота',2);
INSERT INTO `word` VALUES (631,-345575051,'надежность',3);
INSERT INTO `word` VALUES (632,-345575051,'данность',2);
INSERT INTO `word` VALUES (633,-345575051,'жадность',2);
INSERT INTO `word` VALUES (634,-345575051,'нежность',2);
INSERT INTO `word` VALUES (635,-345575051,'десант',2);
INSERT INTO `word` VALUES (636,-345575051,'сажень',2);
INSERT INTO `word` VALUES (637,-345575051,'тоннаж',2);
INSERT INTO `word` VALUES (639,-345575051,'досье',2);
INSERT INTO `word` VALUES (640,-345575051,'жетон',2);
INSERT INTO `word` VALUES (641,-345575051,'жесть',1);
INSERT INTO `word` VALUES (642,-345575051,'сонет',2);
INSERT INTO `word` VALUES (643,-345575051,'стенд',1);
INSERT INTO `word` VALUES (644,-345575051,'тонна',2);
INSERT INTO `word` VALUES (645,-345575051,'день',1);
INSERT INTO `word` VALUES (646,-345575051,'дань',1);
INSERT INTO `word` VALUES (647,-345575051,'наст',1);
INSERT INTO `word` VALUES (649,-345575051,'стаж',1);
INSERT INTO `word` VALUES (650,-345575051,'сеть',1);
INSERT INTO `word` VALUES (651,-345575051,'нож',1);
INSERT INTO `word` VALUES (652,-345575051,'Аист',2);
INSERT INTO `word` VALUES (653,-345575051,'лошАдь',2);
INSERT INTO `word` VALUES (654,-345575051,'совА',2);
INSERT INTO `word` VALUES (655,-345575051,'Белка',2);
INSERT INTO `word` VALUES (656,-345575051,'баБочка',3);
INSERT INTO `word` VALUES (657,-345575051,'гриБ',1);
INSERT INTO `word` VALUES (658,-345575051,'Волк',1);
INSERT INTO `word` VALUES (659,-345575051,'короВа',3);
INSERT INTO `word` VALUES (660,-345575051,'остроВ',2);
INSERT INTO `word` VALUES (661,-345575051,'Гном',1);
INSERT INTO `word` VALUES (662,-345575051,'беГемот',3);
INSERT INTO `word` VALUES (663,-345575051,'утюГ',1);
INSERT INTO `word` VALUES (664,-345575051,'Дом',1);
INSERT INTO `word` VALUES (665,-345575051,'раДуга',3);
INSERT INTO `word` VALUES (666,-345575051,'слеД',1);
INSERT INTO `word` VALUES (667,-345575051,'Енот',2);
INSERT INTO `word` VALUES (668,-345575051,'змЕя',2);
INSERT INTO `word` VALUES (669,-345575051,'пирожноЕ',4);
INSERT INTO `word` VALUES (670,-345575051,'Ёж',1);
INSERT INTO `word` VALUES (671,-345575051,'мЁд',1);
INSERT INTO `word` VALUES (672,-345575051,'ружьЁ',2);
INSERT INTO `word` VALUES (673,-345575051,'Жаба',2);
INSERT INTO `word` VALUES (674,-345575051,'морЖ',1);
INSERT INTO `word` VALUES (675,-345575051,'мороЖеное',5);
INSERT INTO `word` VALUES (676,-345575051,'Зебра',2);
INSERT INTO `word` VALUES (677,-345575051,'гнеЗдо',2);
INSERT INTO `word` VALUES (678,-345575051,'арбуЗ',2);
INSERT INTO `word` VALUES (679,-345575051,'Индюк',2);
INSERT INTO `word` VALUES (680,-345575051,'машИна',3);
INSERT INTO `word` VALUES (681,-345575051,'ниткИ',2);
INSERT INTO `word` VALUES (682,-345575051,'Йогурт',2);
INSERT INTO `word` VALUES (683,-345575051,'балалаЙка',4);
INSERT INTO `word` VALUES (684,-345575051,'воробеЙ',3);
INSERT INTO `word` VALUES (685,-345575051,'Краб',1);
INSERT INTO `word` VALUES (686,-345575051,'морКовь',2);
INSERT INTO `word` VALUES (687,-345575051,'маК',1);
INSERT INTO `word` VALUES (688,-345575051,'Ласточка',3);
INSERT INTO `word` VALUES (689,-345575051,'апеЛьсин',3);
INSERT INTO `word` VALUES (690,-345575051,'козеЛ',2);
INSERT INTO `word` VALUES (691,-345575051,'Медведь',2);
INSERT INTO `word` VALUES (692,-345575051,'коМар',2);
INSERT INTO `word` VALUES (693,-345575051,'соМ',1);
INSERT INTO `word` VALUES (694,-345575051,'Носорог',3);
INSERT INTO `word` VALUES (695,-345575051,'солНце',2);
INSERT INTO `word` VALUES (696,-345575051,'барабаН',3);
INSERT INTO `word` VALUES (697,-345575051,'Обезьяна',4);
INSERT INTO `word` VALUES (698,-345575051,'бОбер',2);
INSERT INTO `word` VALUES (699,-345575051,'зернО',2);
INSERT INTO `word` VALUES (700,-345575051,'Пингвин',2);
INSERT INTO `word` VALUES (701,-345575051,'шаПка',2);
INSERT INTO `word` VALUES (702,-345575051,'сироП',2);
INSERT INTO `word` VALUES (703,-345575051,'Ромашка',3);
INSERT INTO `word` VALUES (704,-345575051,'тоРт',1);
INSERT INTO `word` VALUES (705,-345575051,'клевеР',2);
INSERT INTO `word` VALUES (706,-345575051,'Собака',3);
INSERT INTO `word` VALUES (707,-345575051,'коСтер',2);
INSERT INTO `word` VALUES (708,-345575051,'компаС',2);
INSERT INTO `word` VALUES (709,-345575051,'Телевизор',4);
INSERT INTO `word` VALUES (710,-345575051,'сТул',1);
INSERT INTO `word` VALUES (711,-345575051,'коТ',1);
INSERT INTO `word` VALUES (712,-345575051,'Улей',2);
INSERT INTO `word` VALUES (713,-345575051,'кукУруза',4);
INSERT INTO `word` VALUES (714,-345575051,'кенгурУ',3);
INSERT INTO `word` VALUES (715,-345575051,'Фонтан',2);
INSERT INTO `word` VALUES (716,-345575051,'конФеты',3);
INSERT INTO `word` VALUES (717,-345575051,'жираФ',2);
INSERT INTO `word` VALUES (718,-345575051,'Хлеб',1);
INSERT INTO `word` VALUES (719,-345575051,'пароХод',3);
INSERT INTO `word` VALUES (720,-345575051,'подсолнуХ',3);
INSERT INTO `word` VALUES (721,-345575051,'Цыпленок',3);
INSERT INTO `word` VALUES (722,-345575051,'куриЦа',3);
INSERT INTO `word` VALUES (723,-345575051,'заяЦ',2);
INSERT INTO `word` VALUES (724,-345575051,'Черепаха',4);
INSERT INTO `word` VALUES (725,-345575051,'даЧа',2);
INSERT INTO `word` VALUES (726,-345575051,'мяЧ',1);
INSERT INTO `word` VALUES (727,-345575051,'Шуба',2);
INSERT INTO `word` VALUES (728,-345575051,'чаШа',2);
INSERT INTO `word` VALUES (729,-345575051,'ерШ',1);
INSERT INTO `word` VALUES (730,-345575051,'Щегол',2);
INSERT INTO `word` VALUES (731,-345575051,'сгуЩенка',3);
INSERT INTO `word` VALUES (732,-345575051,'плаЩ',1);
INSERT INTO `word` VALUES (733,-345575051,'обЪятие',4);
INSERT INTO `word` VALUES (734,-345575051,'мЫшь',1);
INSERT INTO `word` VALUES (735,-345575051,'шарЫ',2);
INSERT INTO `word` VALUES (736,-345575051,'колоколЬчики',5);
INSERT INTO `word` VALUES (737,-345575051,'шмелЬ',1);
INSERT INTO `word` VALUES (738,-345575051,'Эскаватор',4);
INSERT INTO `word` VALUES (739,-345575051,'аЭропорт',4);
INSERT INTO `word` VALUES (740,-345575051,'алоЭ',3);
INSERT INTO `word` VALUES (741,-345575051,'Юла',2);
INSERT INTO `word` VALUES (742,-345575051,'дюймовочка',4);
INSERT INTO `word` VALUES (743,-345575051,'менЮ',2);
INSERT INTO `word` VALUES (744,-345575051,'Яблоко',3);
INSERT INTO `word` VALUES (745,-345575051,'месЯц',2);
INSERT INTO `word` VALUES (746,-345575051,'семьЯ',2);
CREATE TABLE verse (
	_id INTEGER PRIMARY KEY ASC AUTOINCREMENT,
	alphabet_id INTEGER NOT NULL,
	verse_text TEXT NOT NULL,
	
	UNIQUE(alphabet_id, verse_text) ON CONFLICT FAIL
);
INSERT INTO `verse` VALUES (1,-345575051,'Аист нам доставил груз:\nАппетитнейший арбуз,\nАнанасы, мандарины,\nАбрикосы, апельсины!');
INSERT INTO `verse` VALUES (2,-345575051,'Тары-бары, тары-бары,\nЗайцы ехали с базара,\nПрикупили для зимовки \nТридцать пять мешков морковки.');
INSERT INTO `verse` VALUES (3,-345575051,'Тихо, словно бы во сне, \nЗакружился в вышине \nПервый снег \nИ зашептал: \n- Как давно я не летал!');
INSERT INTO `verse` VALUES (4,-345575051,'Снег на улице и стужа. \nКрепким льдом забита лужа. \nОт дороги робко \nВеточками тропки \nТянутся к домам: \n— Погреться можно к вам?');
INSERT INTO `verse` VALUES (5,-345575051,'Золотила осень лес - \nЮвелирная работа. \nА он взял и вдруг облез - \nВся исчезла позолота. ');
INSERT INTO `verse` VALUES (6,-345575051,'В зимний день я не скучаю:\nБыстро лыжи надеваю,\nВ руки я беру две палки,\nС ветерком играю в салки! ');
INSERT INTO `verse` VALUES (7,-345575051,'Ущипнул меня за нос\nРазыгравшийся мороз!\nНосик я потёр ладошкой,\nПо земле потопал ножкой.\n- Не щипай меня, мороз,\nЯ и так уже замерз!');
INSERT INTO `verse` VALUES (8,-345575051,'Ах, капель, капель, капель, \nЗолотая карусель! \nК нам в кораблике бумажном \nПо ручью приплыл Апрель!');
INSERT INTO `verse` VALUES (9,-345575051,'Как это приятно —\nПроснуться\nИ встать,\nИ синее небо\nВ окне увидать,\nИ снова узнать,\nЧто повсюду — весна,\nЧто утро и солнце\nПрекраснее сна!');
INSERT INTO `verse` VALUES (10,-345575051,'Солнце в небе синем\nПахнет апельсином,\nЯблоком румяным,\nЯгодой с поляны.\nА еще подсолнушком\nПахнет наше солнышко!');
INSERT INTO `verse` VALUES (11,-345575051,'Сверху небо – высоко, \nВ луже небо – глубоко.\nЕсли в лужу оступиться, \nМожно в небо провалиться!');
INSERT INTO `verse` VALUES (12,-345575051,'Божья коровка – \nМаленький жучок. \nЧёрная головка \nВ пятнышках бочок. \nНа ладошке ножками \nНе ползи на край! \nБудь моею брошкою \nИ не улетай!');
INSERT INTO `verse` VALUES (13,-345575051,'Теплый дождик лил да лил,\nДело делал, не шалил:\nВымыл крышу у скворешни,\nВымыл ягоды – черешни…\nПротянули мы ладошки,\nДождик их помыл немножко.  ');
INSERT INTO `verse` VALUES (14,-345575051,'Солнце льётся на полянку, \nСолнце яркое печёт. \nНа поляне земляника \nКраснощёкая растёт! \nПозову свою подружку. \nНаберём мы ягод кружку! ');
INSERT INTO `verse` VALUES (15,-345575051,'Вьётся в воздухе листва, \nВ жёлтых листьях вся Москва. \nУ окошка мы сидим \nИ глядим наружу. \nШепчут листья: - Улетим! - \nИ ныряют в лужу.');
INSERT INTO `verse` VALUES (16,-345575051,'Вдоль болота ходит кто-то,\nТравы поздние шуршат.\nЭто цапля у болота\nКараулит лягушат.');
INSERT INTO `verse` VALUES (17,-345575051,'Дятел, хоть и молодой, \nВежливая птица: \nОн всегда перед едой\nК червяку стучится.');
INSERT INTO `verse` VALUES (18,-345575051,'Воробьи-воробушки, \nСеренькие пёрышки! \nКлюйте, клюйте крошки \nУ меня с ладошки!');
INSERT INTO `verse` VALUES (19,-345575051,'По ночам сове не спится, \nВедь сова -\nНочная птица.\nНастороженно и тихо,\nПри луне едва видна,\nКак ночная сторожиха,\nНа сосне сидит она.');
INSERT INTO `verse` VALUES (20,-345575051,'Кенгурёнка поутру\nМоет мама кенгуру\nМоет лапки, моет хвостик:\n- Видишь, к нам шагают гости.');
INSERT INTO `verse` VALUES (21,-345575051,'Петь задумал бегемот\nИ открыл огромный рот.\nНо не слышно в песне слов,\nСлышен только страшный рёв.');
INSERT INTO `verse` VALUES (22,-345575051,'Льва увидишь - сразу ясно:\nЦарь зверей, шутить опасно.\nГрозный вид и грозный рык,\nДаже гривы не подстриг.');
INSERT INTO `verse` VALUES (23,-345575051,'Не бывает так, чтоб нос\nРос не вниз, а вверх бы рос.\nЛишь у зверя носорога\nВверх растёт он в виде рога.');
INSERT INTO `verse` VALUES (24,-345575051,'У слона большие уши,\nКак гора огромен слон.\nРавных нет ему на суше:\nСлон по весу - чемпион. ');
INSERT INTO `verse` VALUES (25,-345575051,'Любит зебра по лужайке\nВ полосатой бегать майке.\nЗебра даже за конфетку\nНе наденет майку в клетку.');
INSERT INTO `verse` VALUES (26,-345575051,'Очень любят обезьяны\nКушать сладкие бананы.\nМы на обезьян похожи,\nИ бананы любим тоже.');
INSERT INTO `verse` VALUES (27,-345575051,'Я – лисичка, рыжий хвостик.\nЯ пришла к ребятам в гости.\nБуду с ними веселиться,\nВозле ёлочки кружиться.');
INSERT INTO `verse` VALUES (28,-345575051,'К нам на ёлку, посмотри,\nПрилетели снегири.\nИ уселись на макушке,\nКак нарядные игрушки.');
INSERT INTO `verse` VALUES (29,-345575051,'Лизнув сосульку, \nСловно леденец,\nВесна сказала: \n- Всё! Зиме конец!');
INSERT INTO `verse` VALUES (30,-345575051,'-Мишка, мишка! Что с тобой?\nПочему ты спишь зимой?\n-Потому что снег и лед-\nНе малина и не мед!');
INSERT INTO `verse` VALUES (31,-345575051,'Непривычны кошке\nНож и вилка с ложкой.\nЕй бы прямо с блюдца\nСъесть - и облизнуться.');
INSERT INTO `verse` VALUES (32,-345575051,'Если б град был не из града,\nА из ягод винограда,\nЯ б тогда под этот град\nБез зонта ходить был рад!');
INSERT INTO `verse` VALUES (33,-345575051,'Осень яркими цветами,\nВсё раскрасило в саду,\nОчень скоро за грибами,\nЯ с сестрёнкою пойду!');
INSERT INTO `verse` VALUES (34,-345575051,'Тучка лопнула с утра,\nДождик льет - как из ведра.\nТучке надобен ремонт,\nА тебе – хороший зонт');
INSERT INTO `verse` VALUES (35,-345575051,'Яблоки растут на ветке.\nИх пока не троньте, детки!\nВот созреет урожай –\nТут корзины подставляй!');
INSERT INTO `verse` VALUES (36,-345575051,'В рыжем платьице из ситца\nраскрасавица лисица.\nХвостик — с белым кончиком,\nкраска, что ли, кончилась? ');
INSERT INTO `verse` VALUES (37,-345575051,'Почему меня сорвали\nи томатом обозвали?\nЧто за шутки, что за вздор?\nЯ – весёлый помидор!');
INSERT INTO `verse` VALUES (38,-345575051,'Ель растёт в лесу густом.\nМного рыжиков кругом.\nНагибается грибник –\nПод ольхою боровик.');
CREATE TABLE theory_page (
	_id INTEGER PRIMARY KEY ASC AUTOINCREMENT,
	image_id INTEGER,
	sound_id INTEGER,
	message TEXT,
	
	FOREIGN KEY (image_id) REFERENCES image(_id),
	FOREIGN KEY (sound_id) REFERENCES sound(_id),
	UNIQUE(image_id, sound_id, message) ON CONFLICT FAIL
);
INSERT INTO `theory_page` VALUES (1,200,0,'Фонетическая транскрипция звука ''а''');
INSERT INTO `theory_page` VALUES (2,201,0,'Произношение звука ''а''');
INSERT INTO `theory_page` VALUES (3,203,0,'Ударение падает на букву ''а'': А`ист');
INSERT INTO `theory_page` VALUES (4,202,0,'Ударение не падает на букву ''а'': Бе`лка');
INSERT INTO `theory_page` VALUES (5,1,0,'Печатный вариант буквы А');
INSERT INTO `theory_page` VALUES (6,5,0,'Прописной вариант буквы А');
INSERT INTO `theory_page` VALUES (7,400,0,'Аист');
INSERT INTO `theory_page` VALUES (8,401,0,'лошАдь');
INSERT INTO `theory_page` VALUES (9,402,0,'совА');
CREATE TABLE special_sound (
    _id INTEGER PRIMARY KEY ASC AUTOINCREMENT,
	type INTEGER NOT NULL,
	sound_id INTEGER NOT NULL,
	
	FOREIGN KEY (sound_id) REFERENCES sound(id),
	
	UNIQUE (sound_id) ON CONFLICT FAIL
);
CREATE TABLE sound_words (
	_id INTEGER PRIMARY KEY ASC AUTOINCREMENT,
	character_exercise_id INTEGER NOT NULL,
	word_id INTEGER NOT NULL,
	sound_flag INTEGER NOT NULL,
	
	FOREIGN KEY (character_exercise_id) REFERENCES character_exercise(_id),
	FOREIGN KEY (word_id) REFERENCES word(_id),
	
	UNIQUE(character_exercise_id, word_id)
);
INSERT INTO `sound_words` VALUES (1,1,28,1);
INSERT INTO `sound_words` VALUES (2,1,29,3);
INSERT INTO `sound_words` VALUES (3,1,30,5);
INSERT INTO `sound_words` VALUES (4,1,31,5);
INSERT INTO `sound_words` VALUES (5,1,32,5);
INSERT INTO `sound_words` VALUES (6,1,33,5);
CREATE TABLE sound (
    _id INTEGER PRIMARY KEY ASC AUTOINCREMENT,
    file_name TEXT NOT NULL,
	
    UNIQUE (file_name) ON CONFLICT FAIL
);
INSERT INTO `sound` VALUES (1,'database_sound_test');
CREATE TABLE image (
    _id INTEGER PRIMARY KEY ASC AUTOINCREMENT,
    file_name TEXT NOT NULL,
	
    UNIQUE (file_name) ON CONFLICT FAIL
);
INSERT INTO `image` VALUES (0,'database_russian_ch1_print');
INSERT INTO `image` VALUES (1,'database_russian_ch1_uppercase');
INSERT INTO `image` VALUES (2,'database_horse');
INSERT INTO `image` VALUES (3,'database_owl');
INSERT INTO `image` VALUES (4,'database_stork');
INSERT INTO `image` VALUES (5,'database_russian_ch2_print');
INSERT INTO `image` VALUES (6,'database_russian_ch2_uppercase');
INSERT INTO `image` VALUES (7,'database_butterfly');
INSERT INTO `image` VALUES (8,'database_mushroom');
INSERT INTO `image` VALUES (9,'database_squirrel');
INSERT INTO `image` VALUES (10,'database_russian_ch3_print');
INSERT INTO `image` VALUES (11,'database_russian_ch3_uppercase');
INSERT INTO `image` VALUES (12,'database_cow');
INSERT INTO `image` VALUES (13,'database_island');
INSERT INTO `image` VALUES (14,'database_wolf');
INSERT INTO `image` VALUES (15,'database_russian_ch4_print');
INSERT INTO `image` VALUES (16,'database_russian_ch4_uppercase');
INSERT INTO `image` VALUES (17,'database_gnome');
INSERT INTO `image` VALUES (18,'database_hippopotamus');
INSERT INTO `image` VALUES (19,'database_iron');
INSERT INTO `image` VALUES (20,'database_russian_ch5_print');
INSERT INTO `image` VALUES (21,'database_russian_ch5_uppercase');
INSERT INTO `image` VALUES (22,'database_house');
INSERT INTO `image` VALUES (23,'database_rainbow');
INSERT INTO `image` VALUES (24,'database_trail');
INSERT INTO `image` VALUES (25,'database_russian_ch6_print');
INSERT INTO `image` VALUES (26,'database_russian_ch6_uppercase');
INSERT INTO `image` VALUES (27,'database_cake');
INSERT INTO `image` VALUES (28,'database_raccoon');
INSERT INTO `image` VALUES (29,'database_snake');
INSERT INTO `image` VALUES (30,'database_russian_ch7_print');
INSERT INTO `image` VALUES (31,'database_russian_ch7_uppercase');
INSERT INTO `image` VALUES (32,'database_gun');
INSERT INTO `image` VALUES (33,'database_hedgehog');
INSERT INTO `image` VALUES (34,'database_honey');
INSERT INTO `image` VALUES (35,'database_russian_ch8_print');
INSERT INTO `image` VALUES (36,'database_russian_ch8_uppercase');
INSERT INTO `image` VALUES (37,'database_ice_cream');
INSERT INTO `image` VALUES (38,'database_toad');
INSERT INTO `image` VALUES (39,'database_walrus');
INSERT INTO `image` VALUES (40,'database_russian_ch9_print');
INSERT INTO `image` VALUES (41,'database_russian_ch9_uppercase');
INSERT INTO `image` VALUES (42,'database_nest');
INSERT INTO `image` VALUES (43,'database_watermelon');
INSERT INTO `image` VALUES (44,'database_zebra');
INSERT INTO `image` VALUES (45,'database_russian_ch10_print');
INSERT INTO `image` VALUES (46,'database_russian_ch10_uppercase');
INSERT INTO `image` VALUES (47,'database_car');
INSERT INTO `image` VALUES (48,'database_thread');
INSERT INTO `image` VALUES (49,'database_turkey');
INSERT INTO `image` VALUES (50,'database_russian_ch11_print');
INSERT INTO `image` VALUES (51,'database_russian_ch11_uppercase');
INSERT INTO `image` VALUES (52,'database_balalaika');
INSERT INTO `image` VALUES (53,'database_sparrow');
INSERT INTO `image` VALUES (54,'database_yogurt');
INSERT INTO `image` VALUES (55,'database_russian_ch12_print');
INSERT INTO `image` VALUES (56,'database_russian_ch12_uppercase');
INSERT INTO `image` VALUES (57,'database_carrot');
INSERT INTO `image` VALUES (58,'database_crab');
INSERT INTO `image` VALUES (59,'database_poppy');
INSERT INTO `image` VALUES (60,'database_russian_ch13_print');
INSERT INTO `image` VALUES (61,'database_russian_ch13_uppercase');
INSERT INTO `image` VALUES (62,'database_goat');
INSERT INTO `image` VALUES (63,'database_orange');
INSERT INTO `image` VALUES (64,'database_swallow');
INSERT INTO `image` VALUES (65,'database_russian_ch14_print');
INSERT INTO `image` VALUES (66,'database_russian_ch14_uppercase');
INSERT INTO `image` VALUES (67,'database_bear');
INSERT INTO `image` VALUES (68,'database_catfish');
INSERT INTO `image` VALUES (69,'database_mosquito');
INSERT INTO `image` VALUES (70,'database_russian_ch15_print');
INSERT INTO `image` VALUES (71,'database_russian_ch15_uppercase');
INSERT INTO `image` VALUES (72,'database_rhino');
INSERT INTO `image` VALUES (73,'database_sun');
INSERT INTO `image` VALUES (74,'database_drum');
INSERT INTO `image` VALUES (75,'database_russian_ch16_print');
INSERT INTO `image` VALUES (76,'database_russian_ch16_uppercase');
INSERT INTO `image` VALUES (77,'database_beaver');
INSERT INTO `image` VALUES (78,'database_grain');
INSERT INTO `image` VALUES (79,'database_monkey');
INSERT INTO `image` VALUES (80,'database_russian_ch17_print');
INSERT INTO `image` VALUES (81,'database_russian_ch17_uppercase');
INSERT INTO `image` VALUES (82,'database_hat');
INSERT INTO `image` VALUES (83,'database_syrup');
INSERT INTO `image` VALUES (84,'database_penguin');
INSERT INTO `image` VALUES (85,'database_russian_ch18_print');
INSERT INTO `image` VALUES (86,'database_russian_ch18_uppercase');
INSERT INTO `image` VALUES (87,'database_big_cake');
INSERT INTO `image` VALUES (88,'database_camomile');
INSERT INTO `image` VALUES (89,'database_clover');
INSERT INTO `image` VALUES (90,'database_russian_ch19_print');
INSERT INTO `image` VALUES (91,'database_russian_ch19_uppercase');
INSERT INTO `image` VALUES (92,'database_bonfire');
INSERT INTO `image` VALUES (93,'database_compass');
INSERT INTO `image` VALUES (94,'database_dog');
INSERT INTO `image` VALUES (95,'database_russian_ch20_print');
INSERT INTO `image` VALUES (96,'database_russian_ch20_uppercase');
INSERT INTO `image` VALUES (97,'database_cat');
INSERT INTO `image` VALUES (98,'database_chair');
INSERT INTO `image` VALUES (99,'database_TV_set');
INSERT INTO `image` VALUES (100,'database_russian_ch21_print');
INSERT INTO `image` VALUES (101,'database_russian_ch21_uppercase');
INSERT INTO `image` VALUES (102,'database_hive');
INSERT INTO `image` VALUES (103,'database_corn');
INSERT INTO `image` VALUES (104,'database_kangaroo');
INSERT INTO `image` VALUES (105,'database_russian_ch22_print');
INSERT INTO `image` VALUES (106,'database_russian_ch22_uppercase');
INSERT INTO `image` VALUES (107,'database_candy');
INSERT INTO `image` VALUES (108,'database_fountain');
INSERT INTO `image` VALUES (109,'database_giraffe');
INSERT INTO `image` VALUES (110,'database_russian_ch23_print');
INSERT INTO `image` VALUES (111,'database_russian_ch23_uppercase');
INSERT INTO `image` VALUES (112,'database_bread');
INSERT INTO `image` VALUES (113,'database_streamship');
INSERT INTO `image` VALUES (114,'database_sunflower');
INSERT INTO `image` VALUES (115,'database_russian_ch24_print');
INSERT INTO `image` VALUES (116,'database_russian_ch24_uppercase');
INSERT INTO `image` VALUES (117,'database_chicken');
INSERT INTO `image` VALUES (118,'database_hare');
INSERT INTO `image` VALUES (119,'database_hen');
INSERT INTO `image` VALUES (120,'database_russian_ch25_print');
INSERT INTO `image` VALUES (121,'database_russian_ch25_uppercase');
INSERT INTO `image` VALUES (122,'database_ball');
INSERT INTO `image` VALUES (123,'database_country_house');
INSERT INTO `image` VALUES (124,'database_tortoise');
INSERT INTO `image` VALUES (125,'database_russian_ch26_print');
INSERT INTO `image` VALUES (126,'database_russian_ch26_uppercase');
INSERT INTO `image` VALUES (127,'database_cup');
INSERT INTO `image` VALUES (128,'database_fur_coat');
INSERT INTO `image` VALUES (129,'database_ruff');
INSERT INTO `image` VALUES (130,'database_russian_ch27_print');
INSERT INTO `image` VALUES (131,'database_russian_ch27_uppercase');
INSERT INTO `image` VALUES (132,'database_cloak');
INSERT INTO `image` VALUES (133,'database_condensed_milk');
INSERT INTO `image` VALUES (134,'database_goldfinch');
INSERT INTO `image` VALUES (135,'database_russian_ch28_print');
INSERT INTO `image` VALUES (136,'database_russian_ch28_uppercase');
INSERT INTO `image` VALUES (137,'database_hug');
INSERT INTO `image` VALUES (138,'database_russian_ch29_print');
INSERT INTO `image` VALUES (139,'database_russian_ch29_uppercase');
INSERT INTO `image` VALUES (140,'database_balloons');
INSERT INTO `image` VALUES (141,'database_mouse');
INSERT INTO `image` VALUES (142,'database_russian_ch30_print');
INSERT INTO `image` VALUES (143,'database_russian_ch30_uppercase');
INSERT INTO `image` VALUES (144,'database_balls');
INSERT INTO `image` VALUES (145,'database_bumblebee');
INSERT INTO `image` VALUES (146,'database_russian_ch31_print');
INSERT INTO `image` VALUES (147,'database_russian_ch31_uppercase');
INSERT INTO `image` VALUES (148,'database_airport');
INSERT INTO `image` VALUES (149,'database_aloe');
INSERT INTO `image` VALUES (150,'database_excavator');
INSERT INTO `image` VALUES (151,'database_russian_ch32_print');
INSERT INTO `image` VALUES (152,'database_uppercase_ch32_uppercase');
INSERT INTO `image` VALUES (153,'database_menu');
INSERT INTO `image` VALUES (154,'database_thumbelina');
INSERT INTO `image` VALUES (155,'database_whirligig');
INSERT INTO `image` VALUES (156,'database_russian_ch33_print');
INSERT INTO `image` VALUES (157,'database_russian_ch33_uppercase');
INSERT INTO `image` VALUES (158,'database_apple');
INSERT INTO `image` VALUES (159,'database_family');
INSERT INTO `image` VALUES (160,'database_moon');
CREATE TABLE exercise (
    _id INTEGER PRIMARY KEY ASC AUTOINCREMENT,
    type INTEGER,
    name TEXT NOT NULL,
    display_name TEXT NOT NULL,
    image_id INTEGER,
	
    FOREIGN KEY(image_id) REFERENCES image(id),
	
    UNIQUE (name) ON CONFLICT FAIL
);
INSERT INTO `exercise` VALUES (-1022889626,294335127,'Alphabet.Russian.Character1','Буква А',1);
INSERT INTO `exercise` VALUES (916623525,402850721,'Alphabet.Russian.WordGather','Слово рассыпалось',5);
INSERT INTO `exercise` VALUES (1264890976,-858355490,'Alphabet.Russian.CreateWordsFromSpecified','Составь слова',6);
INSERT INTO `exercise` VALUES (1510908124,294335127,'Alphabet.Russian.Character2','Буква Б',2);
CREATE TABLE character_exercise_item_step (
	_id INTEGER PRIMARY KEY ASC AUTOINCREMENT,
	character_exercise_item_id INTEGER NOT NULL,
	step_number INTEGER NOT NULL,
	action INTEGER NOT NULL,
	value INTEGER NOT NULL,
	
	FOREIGN KEY(character_exercise_item_id) REFERENCES character_exercise_item(_id)
	
	UNIQUE (character_exercise_item_id, step_number) ON CONFLICT FAIL
);
INSERT INTO `character_exercise_item_step` VALUES (1,1195583655,0,291784361,0);
INSERT INTO `character_exercise_item_step` VALUES (2,1195583655,1,291784361,2);
INSERT INTO `character_exercise_item_step` VALUES (3,1195583655,2,1986991965,1);
INSERT INTO `character_exercise_item_step` VALUES (4,1195583655,3,1986991965,2);
INSERT INTO `character_exercise_item_step` VALUES (5,1195583655,4,1986991965,3);
INSERT INTO `character_exercise_item_step` VALUES (6,1195583655,5,1986991965,4);
INSERT INTO `character_exercise_item_step` VALUES (11,1196999958,0,1986991965,5);
INSERT INTO `character_exercise_item_step` VALUES (12,1196999958,1,1986991965,6);
INSERT INTO `character_exercise_item_step` VALUES (13,1196999958,2,1986991965,7);
INSERT INTO `character_exercise_item_step` VALUES (14,1196999958,3,1986991965,8);
INSERT INTO `character_exercise_item_step` VALUES (15,1196999958,4,1986991965,9);
CREATE TABLE character_exercise_item (
	_id INTEGER PRIMARY KEY ASC AUTOINCREMENT,
	character_exercise_id INTEGER NOT NULL,
	menu_position INTEGER NOT NULL,
	name TEXT NOT NULL,
	display_name TEXT NOT NULL,
	
	FOREIGN KEY(character_exercise_id) REFERENCES character_exercise(_id),
	
	UNIQUE (character_exercise_id, name) ON CONFLICT FAIL,
	UNIQUE (character_exercise_id, menu_position) ON CONFLICT FAIL
);
INSERT INTO `character_exercise_item` VALUES (-1571465872,2,2,'Alphabet.Russian.Character2.Letter','Написание буквы Б');
INSERT INTO `character_exercise_item` VALUES (752505491,1,2,'Alphabet.Russian.Character1.Letter','Написание буквы А');
INSERT INTO `character_exercise_item` VALUES (1195583655,1,0,'Alphabet.Russian.Character1.Sound','Звук буквы А');
INSERT INTO `character_exercise_item` VALUES (1196999958,1,1,'Alphabet.Russian.Character1.General','Буква А');
INSERT INTO `character_exercise_item` VALUES (1990931002,2,0,'Alphabet.Russian.Character2.Sound','Звук буквы Б');
INSERT INTO `character_exercise_item` VALUES (2127952339,2,1,'Alphabet.Russian.Character2.General','Буква Б');
CREATE TABLE character_exercise (
    _id INTEGER PRIMARY KEY ASC AUTOINCREMENT,
    exercise_id INTEGER NOT NULL,
    character TEXT NOT NULL,
    alphabet_id INTEGER NOT NULL,
    FOREIGN KEY (exercise_id) REFERENCES exercise(id),
    UNIQUE (exercise_id) ON CONFLICT FAIL
);
INSERT INTO `character_exercise` VALUES (1,-1022889626,'а',-345575051);
INSERT INTO `character_exercise` VALUES (2,1510908124,'б',-345575051);
COMMIT;
